{"Banana": {"avr": 52.01423762376241, "min": 5.18, "max": 99.96, "count": 505}, "Apricot": {"avr": 53.08963340122199, "min": 5.09, "max": 99.81, "count": 491}, "Guava": {"avr": 52.03459401709402, "min": 5.06, "max": 99.79, "count": 468}, "Mango": {"avr": 51.95491869918702, "min": 5.02, "max": 99.36, "count": 492}, "Cranberry": {"avr": 51.58145491803274, "min": 5.07, "max": 99.71, "count": 488}, "Kiwifruit": {"avr": 52.91345603271983, "min": 5.01, "max": 99.97, "count": 489}, "Boysenberry": {"avr": 54.8511220472441, "min": 5.01, "max": 99.77, "count": 508}, "Apple": {"avr": 52.75800000000002, "min": 5.64, "max": 99.95, "count": 465}, "Blackberry": {"avr": 50.5110810810811, "min": 5.03, "max": 99.93, "count": 518}, "Raspberry": {"avr": 51.29684989429176, "min": 5.18, "max": 99.89, "count": 473}, "Melon": {"avr": 52.75732943469785, "min": 5.03, "max": 99.92, "count": 513}, "Plum": {"avr": 53.86409448818889, "min": 5.47, "max": 99.71, "count": 508}, "Pineapple": {"avr": 53.28059642147114, "min": 5.1, "max": 99.55, "count": 503}, "Grapes": {"avr": 51.58602105263165, "min": 5.24, "max": 99.8, "count": 475}, "Orange": {"avr": 53.2207991803279, "min": 5.12, "max": 99.9, "count": 488}, "Blueberry": {"avr": 53.18380308880306, "min": 5.03, "max": 99.95, "count": 518}, "Papaya": {"avr": 51.54429158110885, "min": 5.08, "max": 99.73, "count": 487}, "Strawberry": {"avr": 52.37366515837109, "min": 5.22, "max": 99.67, "count": 442}, "Peach": {"avr": 50.26372277227725, "min": 5.2, "max": 99.74, "count": 505}, "Cherry": {"avr": 51.71809426229509, "min": 5.3, "max": 99.69, "count": 488}}
