{"_id": 294196874.99999994, "max_family": 1.34951}