{"Car Year":{"MAX":2022.0,"MIN":2010.0,"AVG":2015.996222,"SUM":5039990555.0,"STD":3.7391322682,"FREQ":null},"Sale Price":{"MAX":50000.0,"MIN":10000.0,"AVG":30012.178742,"SUM":75030446855.0,"STD":11545.1368420195,"FREQ":null},"Commission Rate":{"MAX":0.1499999836,"MIN":0.050000136,"AVG":0.0999876556,"SUM":249969.1390747083,"STD":0.0288720195,"FREQ":null},"Commission Earned":{"MAX":7494.53,"MIN":501.34,"AVG":3001.005336864,"SUM":7502513342.1599988937,"STD":1481.4674342126,"FREQ":null},"Car Make":{"MAX":null,"MIN":null,"AVG":null,"SUM":null,"STD":null,"FREQ":{"Honda":500687,"Chevrolet":500455,"Toyota":500147,"Ford":499781,"Nissan":498930}},"Car Model":{"MAX":null,"MIN":null,"AVG":null,"SUM":null,"STD":null,"FREQ":{"Silverado":500842,"Civic":500498,"Corolla":500162,"F-150":499679,"Altima":498819}}}